Name,Info1,Info2,Discount %,Price,Rating,Release
Machinika: Museum,,,-100%,"R$ 0,00",87.68%,Mar 2021
ENDLESS‚Ñ¢ Legend,,,-100%,"R$ 0,00",82.24%,Sep 2014
100% Orange Juice,,,-100%,"R$ 0,00",90.41%,Sep 2013
Killing Floor 2,,,-95%,"R$ 2,79",86.56%,Nov 2016
Wizard with a Gun,,,-50%,"R$ 29,99",78.02%,Oct 2023
Lil Gator Game,,,-50%,"R$ 29,99",95.00%,Dec 2022
Killing Floor,,,-90%,"R$ 3,49",93.37%,May 2009
The Forgotten City,,,-65%,"R$ 25,89",93.24%,Jul 2021
Poly Bridge 2,,,-80%,"R$ 5,79",92.26%,May 2020
Poly Bridge 3,,,-68%,"R$ 35,07",90.56%,May 2023
UNSIGHTED,,,-60%,"R$ 19,99",88.84%,Sep 2021
The Wild at Heart,,,-60%,"R$ 18,99",88.77%,May 2021
CaseCracker,,,-50%,"R$ 10,34",88.74%,Dec 2022
Broken Reality,,,-85%,"R$ 4,34",88.71%,Nov 2018
Paper Beast,,,-75%,"R$ 11,49",88.01%,Jul 2020
Blade of Darkness,,,-60%,"R$ 11,59",87.93%,Oct 2021
Root,,,-60%,"R$ 11,59",86.04%,Sep 2020
The House of Da Vinci 3,,,-50%,"R$ 29,99",86.03%,Dec 2022
Archvale,,,-50%,"R$ 22,49",85.36%,Dec 2021
The Dungeon Of Naheulbeuk: The Amulet Of Chaos,,,-70%,"R$ 21,89",85.02%,Sep 2020
Foretales,,,-50%,"R$ 22,99",82.04%,Sep 2022
Trombone Champ,,,-60%,"R$ 11,59",94.85%,Sep 2022
Alba: A Wildlife Adventure,,,-75%,"R$ 13,12",94.21%,Dec 2020
Carto,,,-70%,"R$ 11,39",93.55%,Oct 2020
Unpacking,,,-50%,"R$ 29,99",90.91%,Nov 2021
One Step From Eden,,,-60%,"R$ 15,19",90.58%,Mar 2020
OTXO,,,-50%,"R$ 14,49",89.78%,Apr 2023
Poly Bridge,,,-90%,"R$ 2,06",89.26%,Jul 2016
Return to Monkey Island,,,-50%,"R$ 36,99",89.23%,Sep 2022
Wizard of Legend,,,-70%,"R$ 9,29",88.90%,May 2018
Minecraft Dungeons,,,-50%,"R$ 37,47",88.84%,Sep 2021
Forager,,,-65%,"R$ 13,29",88.52%,Apr 2019
Re: LieF ~ Shin'ainaru Anata e~,,,-58%,"R$ 27,71",88.45%,Feb 2021
Ring of Pain,,,-70%,"R$ 11,39",88.35%,Oct 2020
Assassin's Creed¬Æ Odyssey,,,-85%,"R$ 26,99",88.14%,Oct 2018
Stellaris,Top Seller,"2-year low: R$ 23,74",-70%,"R$ 43,19",86.77%,May 2016
Anarcute,,,-80%,"R$ 7,19",86.56%,Jul 2016
Old School Musical,,,-75%,"R$ 7,99",86.19%,Sep 2018
Ikenfell,,,-70%,"R$ 11,39",86.15%,Oct 2020
Hell Pie,,,-66%,"R$ 25,15",85.98%,Jul 2022
Another Lost Phone: Laura's Story,,,-72%,"R$ 2,23",85.83%,Sep 2017
Drug Dealer Simulator,,,-87%,"R$ 4,93",85.68%,Apr 2020
A Normal Lost Phone,,,-72%,"R$ 2,23",85.33%,Jan 2017
The Crackpet Show,,,-75%,"R$ 11,75",84.01%,Dec 2022
Dungeon Village,,,-63%,"R$ 6,87",82.83%,Mar 2022
Vampires' Melody 2,,,-50%,"R$ 6,89",82.52%,Sep 2023
Cyberpunk 2077,,,-50%,"R$ 99,95",81.52%,Dec 2020
A Hat in Time,Midweek Deal,"all-time low: R$ 27,99 at -50%",-50%,"R$ 44,49",96.07%,Oct 2017
Inscryption,,,-50%,"R$ 24,99",95.56%,Oct 2021
American Truck Simulator,Weekend Deal,"all-time low: R$ 7,74 at -94%",-75%,"R$ 15,49",95.51%,Feb 2016
One Finger Death Punch,Week Long Deal,"all-time low: R$ 1,69 at -80%",-78%,"R$ 1,86",95.38%,Mar 2014
Don't Starve,,,-75%,"R$ 5,17",95.30%,Apr 2013
Risk of Rain 2,,,-50%,"R$ 29,99",95.22%,Aug 2020
Sid Meier's Civilization¬Æ V,,,-75%,"R$ 11,24",94.97%,Sep 2010
Vampires' Melody,,,-80%,"R$ 2,75",94.12%,Oct 2020
Ultimate Chicken Horse,Midweek Deal,"all-time low: R$ 12,03 at -57%",-65%,"R$ 15,74",93.93%,Mar 2016
Valheim,,,-50%,"R$ 18,99",93.81%,Feb 2021
My Friend Pedro,,,-75%,"R$ 14,99",93.64%,Jun 2019
ÊúàÂΩ±È≠ÖÂÉè-Ëß£Êîæ‰πãÁæΩ-,,,-65%,"R$ 23,09",93.52%,Jul 2019
Monster Prom 2: Monster Camp,,,-66%,"R$ 8,46",93.40%,Oct 2020
One Finger Death Punch 2,,,-75%,"R$ 4,14",92.69%,Apr 2019
Marvel's Guardians of the Galaxy,,,-75%,"R$ 62,49",92.53%,Oct 2021
ISLANDERS,Daily Deal,current 2-year low,-65%,"R$ 5,94",92.38%,Apr 2019
Cities: Skylines,Weekend Deal,"2-year low: R$ 17,79",-70%,"R$ 32,39",92.25%,Mar 2015
Epistory - Typing Chronicles,Midweek Deal,"2-year low: R$ 12,49",-70%,"R$ 12,89",91.66%,Mar 2016
Risk of Rain (2013),,,-80%,"R$ 3,99",91.50%,Nov 2013
Torchlight II,,,-80%,"R$ 6,99",91.16%,Sep 2012
Death's Door,,,-75%,"R$ 14,99",91.15%,Jul 2021
Project Wingman,Midweek Deal,current 2-year low,-50%,"R$ 23,74",91.15%,Dec 2020
Thomas Was Alone,,,-80%,"R$ 3,39",91.00%,Nov 2012
The Messenger,,,-80%,"R$ 11,99",90.99%,Aug 2018
Dead Estate,,,-50%,"R$ 8,99",90.97%,Oct 2021
McPixel 3,,,-80%,"R$ 6,59",90.90%,Nov 2022
Spelunky 2,,,-50%,"R$ 18,99",90.83%,Sep 2020
Death Road to Canada,,,-75%,"R$ 6,99",90.30%,Jul 2016
Victoria II,Weekend Deal,"2-year low: R$ 6,99",-75%,"R$ 17,99",90.20%,Aug 2010
Crusader Kings III,Weekend Deal,"2-year low: R$ 67,49",-60%,"R$ 71,99",90.20%,Sep 2020
Hearts of Iron IV,Weekend Deal,"2-year low: R$ 23,74",-70%,"R$ 53,99",90.14%,Jun 2016
Evil Genius,,,-90%,"R$ 1,99",89.90%,Sep 2004
ŒîV: Rings of Saturn,,,-50%,"R$ 10,34",89.42%,Jul 2023
Choice of Life: Middle Ages 2,,,-50%,"R$ 11,75",89.38%,Sep 2022
Sid Meier's Civilization¬Æ IV,,,-85%,"R$ 4,49",89.14%,Oct 2005
"Invisible, Inc.",,,-75%,"R$ 9,24",88.56%,May 2015
Slipways,,,-50%,"R$ 16,49",88.46%,Jun 2021
Knights of Honor,Weekend Deal,"2-year low: R$ 3,99",-75%,"R$ 8,99",88.38%,May 2005
Torchlight,,,-80%,"R$ 4,99",88.27%,Oct 2009
Lacuna ‚Äì A Sci-Fi Noir Adventure,,,-80%,"R$ 6,19",88.22%,May 2021
Prison Architect,Weekend Deal,"2-year low: R$ 11,59",-80%,"R$ 21,59",88.19%,Oct 2015
Monaco: What's Yours Is Mine,Midweek Deal,"2-year low: R$ 3,69",-75%,"R$ 6,99",87.95%,Apr 2013
Curious Expedition,,,-80%,"R$ 5,59",87.79%,Sep 2016
Jupiter Hell,,,-60%,"R$ 18,99",87.59%,Aug 2021
Card Shark,,,-50%,"R$ 29,99",87.53%,Jun 2022
The Witcher: Enhanced Edition Director's Cut,,,-85%,"R$ 2,54",87.52%,Sep 2008
Splasher,Midweek Deal,"2-year low: R$ 7,19",-77%,"R$ 8,27",87.52%,Feb 2017
Marble It Up! Ultra,Daily Deal,"all-time low: R$ 28,49 at -25%",-60%,"R$ 35,59",87.39%,Nov 2018
Rollerdrome,,,-67%,"R$ 52,76",87.36%,Aug 2022
Life is Strange: True Colors,,,-70%,"R$ 89,97",87.31%,Sep 2021
Blue Estate The Game,Midweek Deal,"all-time low: R$ 6,49 at -75%",-65%,"R$ 9,09",87.28%,Apr 2015
Shadowrun: Dragonfall - Director's Cut,Weekend Deal,"2-year low: R$ 6,99",-75%,"R$ 13,49",86.84%,Sep 2014
DJMAX RESPECT V,,,-80%,"R$ 19,79",86.83%,Mar 2020
Majesty Gold HD,Weekend Deal,"2-year low: R$ 4,24",-75%,"R$ 8,99",86.83%,Mar 2001
Thronebreaker: The Witcher Tales,,,-75%,"R$ 13,99",86.65%,Nov 2018
Battlezone 98 Redux,,,-85%,"R$ 6,89",86.38%,Apr 2016
Shadowrun Returns,Weekend Deal,"2-year low: R$ 6,99",-75%,"R$ 13,49",86.28%,Jul 2013
Duskers,,,-50%,"R$ 18,49",86.27%,May 2016
Europa Universalis IV,Weekend Deal,"2-year low: R$ 23,74",-70%,"R$ 43,19",86.05%,Aug 2013
House of the Dying Sun,,,-70%,"R$ 11,09",85.89%,Nov 2016
TrymenT ‚ÄïÁåÆÁªôÊ∏¥ÊúõÊîπÂèòÁöÑ‰Ω†‚Äï AlphAÁØá,,,-67%,"R$ 29,03",85.89%,Feb 2020
Curious Expedition 2,,,-65%,"R$ 13,29",85.86%,Jan 2021
Darkest Hour: A Hearts of Iron Game,Weekend Deal,"all-time low: R$ 3,39 at -80%",-80%,"R$ 7,19",85.68%,Apr 2011
Hob,,,-80%,"R$ 7,39",85.67%,Sep 2017
Astronarch,,,-70%,"R$ 8,69",85.60%,Jan 2021
Expeditions: Rome,,,-60%,"R$ 33,99",85.56%,Jan 2022
Magicka,Weekend Deal,"2-year low: R$ 4,24",-75%,"R$ 8,99",85.50%,Jan 2011
Lost Castle / Â§±ËêΩÂüéÂ†°,,,-60%,"R$ 7,99",85.44%,Sep 2016
Assassin's Creed¬Æ Origins,,,-85%,"R$ 26,99",85.30%,Oct 2017
Fury Unleashed,,,-85%,"R$ 8,99",85.14%,May 2020
JoJo's Bizarre Adventure: All-Star Battle R,,,-70%,"R$ 60,75",85.08%,Sep 2022
Tyranny,Weekend Deal,"all-time low: R$ 14,49 at -75%",-75%,"R$ 26,99",84.72%,Nov 2016
Tick Tock: A Tale for Two,Daily Deal,"2-year low: R$ 6,19",-60%,"R$ 7,60",84.24%,Mar 2019
ScourgeBringer,,,-75%,"R$ 9,99",84.23%,Oct 2020
SpellForce - Platinum Edition,Daily Deal,current 2-year low,-80%,"R$ 3,39",83.86%,Nov 2009
Shadowrun: Hong Kong - Extended Edition,Weekend Deal,"all-time low: R$ 7,39 at -80%",-75%,"R$ 17,99",83.77%,Aug 2015
Knights of Pen and Paper 2,Weekend Deal,"all-time low: R$ 3,99 at -75%",-75%,"R$ 7,24",83.77%,Oct 2015
SpellForce 3 Fallen God,,,-80%,"R$ 7,59",83.62%,Nov 2020
Void Bastards,,,-70%,"R$ 17,39",83.22%,May 2019
Age of Wonders Shadow Magic,Weekend Deal,"2-year low: R$ 4,24",-75%,"R$ 8,99",83.21%,‚Äî
Surviving Mars,Weekend Deal,"2-year low: R$ 14,49",-75%,"R$ 26,99",83.15%,Mar 2018
Crying Suns,,,-70%,"R$ 14,24",83.14%,Sep 2019
Sword of the Stars: Complete Collection,Weekend Deal,"all-time low: R$ 4,24 at -75%",-75%,"R$ 8,99",82.85%,Oct 2008
Warlock - Master of the Arcane,Weekend Deal,"2-year low: R$ 11,49",-75%,"R$ 22,49",82.81%,May 2012
Academia : School Simulator,Weekend Deal,"all-time low: R$ 17,99 at -40%",-50%,"R$ 35,99",82.20%,Sep 2017
Project Highrise,Daily Deal,"all-time low: R$ 7,39 at -80%",-84%,"R$ 9,59",81.98%,Sep 2016
BATTLETECH,Weekend Deal,"all-time low: R$ 18,87 at -75%",-75%,"R$ 35,99",81.95%,Apr 2018
Ice Lakes,Weekend Deal,"all-time low: R$ 6,99 at -75%",-75%,"R$ 13,49",81.80%,Apr 2016
Teleglitch: Die More Edition,Weekend Deal,"all-time low: R$ 4,39 at -80%",-75%,"R$ 11,74",81.79%,Jul 2013
Watch_Dogs¬Æ 2,Midweek Deal,current 2-year low,-85%,"R$ 22,49",81.65%,Nov 2016
Hearts of Iron 2 Complete,Weekend Deal,"2-year low: R$ 6,24",-75%,"R$ 13,49",81.41%,Jan 2006
Fae Tactics,,,-70%,"R$ 11,39",81.35%,Jul 2020
King Arthur: Knight's Tale,,,-60%,"R$ 48,79",81.28%,Apr 2022
SpellForce 3 Soul Harvest,,,-80%,"R$ 7,59",81.26%,May 2019
Temtem,Midweek Deal,"all-time low: R$ 39,14 at -71%",-60%,"R$ 53,99",80.77%,Sep 2022
Magicka 2,Weekend Deal,"all-time low: R$ 6,99 at -75%",-75%,"R$ 13,49",80.66%,May 2015
Mechanic Escape,,,-80%,"R$ 2,49",80.64%,Apr 2014
Across the Obelisk,Weekend Deal,"2-year low: R$ 30,39",-50%,"R$ 35,99",80.60%,Apr 2021
Zombie Party,Midweek Deal,"all-time low: R$ 3,99 at -80%",-80%,"R$ 4,13",80.37%,Jun 2016
Europa Universalis III Complete,Weekend Deal,"2-year low: R$ 6,24",-70%,"R$ 16,19",80.20%,Jan 2007
Knights of Pen and Paper +1 Edition,Weekend Deal,"all-time low: R$ 3,39 at -80%",-75%,"R$ 8,99",79.98%,Jun 2013
Revita,,,-50%,"R$ 19,99",79.67%,‚Äî
Flynn: Son of Crimson,,,-60%,"R$ 23,99",79.57%,Sep 2021
Wildfire,,,-60%,"R$ 11,59",78.76%,May 2020
Age of Wonders III,Weekend Deal,"all-time low: R$ 13,99 at -75%",-75%,"R$ 26,99",78.62%,Mar 2014
Age of Wonders: Planetfall,Weekend Deal,"all-time low: R$ 23,49 at -75%",-66%,"R$ 36,71",78.06%,Aug 2019
Finding Teddy,,,-80%,"R$ 2,79",77.73%,Dec 2013
Staxel,,,-75%,"R$ 9,24",77.24%,Apr 2019
HOT WHEELS UNLEASHED‚Ñ¢,Daily Deal,"all-time low: R$ 16,49 at -85%",-85%,"R$ 29,92",76.39%,Sep 2021
Hotel Renovator,,,-50%,"R$ 44,95",76.27%,Mar 2023
Hellslave,,,-75%,"R$ 11,49",75.97%,May 2022
Aegis Defenders,Midweek Deal,current 2-year low,-75%,"R$ 9,24",75.62%,Feb 2018
Watch_Dogs‚Ñ¢,Midweek Deal,"2-year low: R$ 13,49",-85%,"R$ 14,24",75.45%,May 2014
Hearts of Iron III,Weekend Deal,"2-year low: R$ 4,24",-75%,"R$ 8,99",75.10%,Aug 2009
Nanotale - Typing Chronicles,,,-60%,"R$ 18,39",74.95%,Mar 2021
Age of Wonders,Weekend Deal,"all-time low: R$ 1,99 at -80%",-75%,"R$ 5,49",74.90%,‚Äî
SpellForce 3 Reforced,,,-80%,"R$ 15,09",74.60%,Dec 2017
Cities in Motion,Weekend Deal,"all-time low: R$ 8,74 at -75%",-50%,"R$ 35,99",73.51%,Feb 2011
Vampire: The Masquerade - Shadows of New York,,,-80%,"R$ 5,37",73.29%,Sep 2020
Popup Dungeon,,,-60%,"R$ 18,99",72.88%,Aug 2020
Steel Division: Normandy 44,Weekend Deal,"all-time low: R$ 18,24 at -75%",-66%,"R$ 24,47",72.75%,May 2017
NeuroVoider,Midweek Deal,"all-time low: R$ 6,79 at -80%",-75%,"R$ 8,49",72.57%,Aug 2016
SpellForce 2 - Anniversary Edition,Daily Deal,current 2-year low,-80%,"R$ 4,99",72.47%,Oct 2009
Internet Cafe Simulator 2,Daily Deal,"all-time low: R$ 18,99 at -50%",-60%,"R$ 23,99",72.26%,Jan 2022
DRIFT CE,Daily Deal,"all-time low: R$ 29,70 at -70%",-50%,"R$ 49,50",71.15%,Jun 2021
Vampire: The Masquerade - Coteries of New York,,,-90%,"R$ 3,79",70.79%,Dec 2019
Surviving the Aftermath,Weekend Deal,"all-time low: R$ 17,39 at -70%",-70%,"R$ 32,39",69.39%,Nov 2021
Wurm Unlimited,,,-75%,"R$ 27,49",69.34%,Oct 2015
Belladonna,Midweek Deal,"all-time low: R$ 1,39 at -90%",-75%,"R$ 3,62",69.16%,Feb 2015
Majesty 2,Weekend Deal,"all-time low: R$ 4,24 at -75%",-75%,"R$ 8,99",67.49%,Sep 2009
Warlock 2: The Exiled,Weekend Deal,"all-time low: R$ 7,39 at -80%",-75%,"R$ 17,99",67.18%,Apr 2014
King Arthur - The Role-playing Wargame,Weekend Deal,"all-time low: R$ 3,39 at -80%",-75%,"R$ 8,99",66.84%,Nov 2009
Cafe Owner Simulator,,,-60%,"R$ 23,19",66.48%,Dec 2022
Souldiers,,,-65%,"R$ 16,09",65.57%,Jun 2022
WRC 5 FIA World Rally Championship,,,-90%,"R$ 2,06",65.42%,Oct 2015
Victoria 3,,,-76%,"R$ 43,19",65.08%,Oct 2022
NECROPOLIS: BRUTAL EDITION,Weekend Deal,"2-year low: R$ 11,19",-75%,"R$ 26,99",63.76%,‚Äî
A Game of Dwarves,Weekend Deal,"all-time low: R$ 3,39 at -80%",-75%,"R$ 8,99",61.53%,Oct 2012
Euro Truck Simulator 2,,,-75%,"R$ 15,49",96.61%,Oct 2012
Slay the Spire,,,-66%,"R$ 25,49",96.55%,Jan 2019
Bloons TD 6,,,-65%,"R$ 9,76",96.30%,Dec 2018
Dead Cells,,,-50%,"R$ 23,74",95.88%,Aug 2018
Hotline Miami,,,-80%,"R$ 6,59",95.77%,Oct 2012
The Wolf Among Us,Week Long Deal,"2-year low: R$ 8,69",-50%,"R$ 25,00",95.71%,Oct 2013
The Witcher¬Æ 3: Wild Hunt,,,-75%,"R$ 32,49",95.33%,May 2015
Oxygen Not Included,,,-66%,"R$ 15,63",95.33%,Jul 2019
Broforce,,,-80%,"R$ 9,39",95.26%,Oct 2015
Keep Talking and Nobody Explodes,,,-60%,"R$ 18,79",95.10%,Oct 2015
INSIDE,,,-90%,"R$ 7,40",95.09%,Jul 2016
Tales of the Black Forest,,,-70%,"R$ 4,13",95.06%,Sep 2019
Stronghold Crusader HD,,,-70%,"R$ 5,09",95.06%,Jul 2002
Tomb Raider,,,-80%,"R$ 12,49",95.01%,Mar 2013
GRIS,,,-80%,"R$ 9,39",94.94%,Dec 2018
Milk inside a bag of milk inside a bag of milk,Week Long Deal,"all-time low: R$ 1,04 at -70%",-50%,"R$ 1,74",94.76%,Aug 2020
Mirror,,,-60%,"R$ 2,79",94.56%,Apr 2018
Enter the Gungeon,,,-70%,"R$ 14,09",94.24%,Apr 2016
Supreme Commander: Forged Alliance,,,-80%,"R$ 6,79",94.12%,Sep 2011
FTL: Faster Than Light,,,-75%,"R$ 5,99",94.03%,Sep 2012
Fox Hime Zero,,,-70%,"R$ 2,09",93.84%,May 2018
Streets of Rogue,,,-75%,"R$ 14,99",93.81%,Jul 2019
Crypt of the NecroDancer,,,-80%,"R$ 9,39",93.71%,Apr 2015
FlatOut 2‚Ñ¢,,,-80%,"R$ 13,99",93.70%,Aug 2006
shapez,,,-78%,"R$ 10,83",93.68%,Jun 2020
Downwell,,,-67%,"R$ 3,46",93.65%,Oct 2015
Paint the Town Red,,,-50%,"R$ 29,99",93.63%,Jul 2021
Metal: Hellsinger,Week Long Deal,"all-time low: R$ 26,09 at -67%",-60%,"R$ 31,63",93.61%,Sep 2022
Superflight,,,-50%,"R$ 5,24",93.59%,Nov 2017
The Talos Principle,,,-85%,"R$ 13,34",93.47%,Dec 2014
TY the Tasmanian Tiger,Week Long Deal,"all-time low: R$ 9,79 at -65%",-50%,"R$ 13,99",93.47%,Dec 2016
Bit Blaster XL,Week Long Deal,"all-time low: R$ 1,09 at -50%",-50%,"R$ 1,74",93.15%,Jan 2016
Orcs Must Die!,,,-75%,"R$ 5,17",93.14%,Oct 2011
Retrowave,,,-50%,"R$ 5,24",93.10%,May 2022
ROUNDS,,,-50%,"R$ 8,99",93.05%,Apr 2021
AudioSurf,,,-75%,"R$ 8,24",93.00%,Feb 2008
Fluffy Store,,,-70%,"R$ 2,09",92.85%,Aug 2019
Star of Providence,,,-50%,"R$ 23,49",92.73%,Jun 2017
Rise of the Tomb Raider‚Ñ¢,,,-80%,"R$ 24,99",92.70%,Feb 2016
LYNE,,,-60%,"R$ 4,19",92.69%,Mar 2014
Pikuniku,,,-80%,"R$ 8,39",92.60%,Jan 2019
Stronghold HD (2012),Week Long Deal,current 2-year low,-70%,"R$ 3,59",92.59%,Oct 2001
Stick Fight: The Game,,,-60%,"R$ 6,00",92.38%,Sep 2017
DR LIVESEY ROM AND DEATH EDITION,,,-50%,"R$ 1,74",92.38%,Feb 2023
Hotline Miami 2: Wrong Number,,,-85%,"R$ 7,04",92.31%,Mar 2015
CARRION,,,-70%,"R$ 17,99",92.31%,Jul 2020
Mount Your Friends,Week Long Deal,"2-year low: R$ 3,67",-65%,"R$ 5,94",92.27%,Jul 2014
Tales of Maj'Eyal,,,-50%,"R$ 6,99",92.17%,Dec 2012
Long Live The Queen,Week Long Deal,"2-year low: R$ 5,99",-65%,"R$ 9,09",91.88%,Nov 2013
Descenders,,,-70%,"R$ 14,24",91.86%,May 2019
Max Payne 2: The Fall of Max Payne,,,-65%,"R$ 5,24",91.79%,Oct 2003
Sleeping Dogs: Definitive Edition,,,-85%,"R$ 8,39",91.68%,Oct 2014
Chronicon,,,-60%,"R$ 17,79",91.67%,Aug 2020
Skul: The Hero Slayer,,,-50%,"R$ 29,99",91.63%,Jan 2021
The Red Strings Club,,,-75%,"R$ 11,74",91.57%,Jan 2018
Heat Signature,,,-60%,"R$ 11,19",91.57%,Sep 2017
Wingspan,,,-50%,"R$ 29,99",91.45%,Sep 2020
IRM√ÉO Grande & Brasileiro 2,,,-65%,"R$ 6,99",91.40%,Oct 2021
Loop Hero,,,-67%,"R$ 15,50",91.32%,Mar 2021
LIMBO,,,-90%,"R$ 3,70",91.29%,Aug 2011
Gato Roboto,,,-75%,"R$ 6,62",91.19%,May 2019
GORN,,,-50%,"R$ 29,99",91.16%,Jul 2019
Orcs Must Die! 2,,,-75%,"R$ 7,24",91.06%,Jul 2012
HUNTDOWN,,,-80%,"R$ 11,99",90.93%,May 2021
Sins of a Solar Empire¬Æ: Rebellion,,,-70%,"R$ 32,39",90.85%,Jun 2012
Lords of the Realm II,,,-80%,"R$ 2,09",90.84%,Oct 1996
SEUM: Speedrunners from Hell,,,-60%,"R$ 17,99",90.83%,Jul 2016
Kiwi Clicker - Juiced Up,,,-50%,"R$ 8,49",90.78%,Jul 2022
Super Amazing Wagon Adventure,,,-66%,"R$ 3,56",90.72%,Oct 2013
Legend of Grimrock,Week Long Deal,"2-year low: R$ 6,99",-80%,"R$ 9,39",90.67%,Apr 2012
Brigador: Up-Armored Edition,,,-64%,"R$ 16,55",90.56%,Jun 2016
APE OUT,,,-75%,"R$ 11,74",90.55%,Feb 2019
Rogue Legacy,,,-80%,"R$ 9,39",90.53%,Jun 2013
Race The Sun,,,-75%,"R$ 8,24",90.50%,Dec 2013
One Way Heroics,,,-69%,"R$ 1,85",90.50%,Feb 2014
Darkest Dungeon¬Æ,,,-85%,"R$ 11,09",90.42%,Jan 2016
Hero of the Kingdom,Week Long Deal,"2-year low: R$ 2,39",-85%,"R$ 3,97",90.11%,Dec 2012
Spelunky,,,-75%,"R$ 6,99",89.85%,Aug 2013
Siralim Ultimate,,,-50%,"R$ 29,99",89.85%,Dec 2021
A Story About My Uncle,,,-80%,"R$ 9,39",89.82%,May 2014
Black Book,,,-60%,"R$ 31,99",89.81%,Aug 2021
Serious Sam Fusion 2017 (beta),,,-90%,"R$ 5,99",89.75%,‚Äî
Thief‚Ñ¢ II: The Metal Age,,,-86%,"R$ 4,05",89.74%,Mar 2000
Rock Simulator,Week Long Deal,"all-time low: R$ 1,39 at -69%",-50%,"R$ 3,49",89.74%,Nov 2019
Melody's Escape,Week Long Deal,"2-year low: R$ 5,77",-75%,"R$ 8,24",89.73%,May 2016
Child of Light,,,-70%,"R$ 13,49",89.64%,Apr 2014
Men of War: Assault Squad 2,,,-80%,"R$ 17,79",89.59%,May 2014
Genital Jousting,,,-89%,"R$ 2,58",89.50%,Jan 2018
Escape Dungeon 2,,,-50%,"R$ 27,49",89.40%,Jan 2022
Road 96 üõ£Ô∏è,,,-75%,"R$ 24,00",89.35%,Aug 2021
Lovers in a Dangerous Spacetime,,,-50%,"R$ 13,99",89.35%,Sep 2015
Just Cause 2,,,-90%,"R$ 6,49",89.27%,Mar 2010
TY the Tasmanian Tiger 2,Week Long Deal,"all-time low: R$ 10,14 at -65%",-50%,"R$ 14,49",89.07%,Dec 2017
Siralim 3,,,-50%,"R$ 23,49",89.05%,Oct 2018
FlatOut,,,-80%,"R$ 13,99",89.04%,Jul 2005
Dropsy,,,-90%,"R$ 3,29",88.99%,Sep 2015
Heroes of Might & Magic V: Tribes of the East,,,-75%,"R$ 7,49",88.97%,Oct 2007
Touhou Genso Wanderer -Reloaded-,,,-50%,"R$ 69,99",88.97%,Oct 2018
Lara Croft GO,,,-80%,"R$ 8,29",88.96%,Dec 2016
Rampage Knights,,,-60%,"R$ 16,79",88.94%,Sep 2015
Furry Shades of Gay 2: A Shade Gayer,,,-50%,"R$ 16,49",88.90%,Dec 2021
Pumpkin Jack,,,-75%,"R$ 22,24",88.81%,Oct 2020
Batman: The Enemy Within - The Telltale Series,Week Long Deal,"all-time low: R$ 7,24 at -75%",-50%,"R$ 25,00",88.81%,Aug 2017
NORCO,,,-60%,"R$ 18,79",88.76%,Mar 2022
Dark Messiah of Might & Magic,,,-75%,"R$ 7,49",88.67%,Oct 2006
Golf Peaks,,,-59%,"R$ 15,47",88.67%,Nov 2018
Thumper,Week Long Deal,"all-time low: R$ 7,39 at -80%",-55%,"R$ 16,64",88.64%,Oct 2016
Thief‚Ñ¢ Gold,,,-86%,"R$ 4,05",88.62%,Nov 1998
Mutant Year Zero: Road to Eden,Week Long Deal,"all-time low: R$ 26,84 at -70%",-60%,"R$ 36,79",88.55%,Dec 2018
Bridge Constructor Portal,,,-90%,"R$ 3,29",88.53%,Dec 2017
Rogue Glitch Ultra,,,-50%,"R$ 19,24",88.50%,Mar 2021
Super Panda Adventures,Week Long Deal,current 2-year low,-50%,"R$ 5,44",88.39%,Jul 2014
The Witcher 2: Assassins of Kings Enhanced Edition,,,-85%,"R$ 8,99",88.29%,May 2011
Nyan Cat: Lost In Space,,,-50%,"R$ 5,44",88.28%,Dec 2015
Lara Croft and the Guardian of Light,,,-85%,"R$ 6,22",88.24%,Sep 2010
Disc Room,,,-67%,"R$ 15,50",88.19%,Oct 2020
ULTIMATE HARDBASS DEFENCE,,,-80%,"R$ 2,75",88.01%,Apr 2019
Renowned Explorers: International Society,,,-60%,"R$ 14,79",87.98%,Sep 2015
Transport Fever 2,,,-55%,"R$ 48,59",87.96%,Dec 2019
Rift Wizard,,,-50%,"R$ 14,49",87.91%,Sep 2021
No Time to Relax,Week Long Deal,"all-time low: R$ 6,97 at -75%",-50%,"R$ 13,94",87.91%,Feb 2019
Nobody Saves the World,,,-60%,"R$ 29,59",87.88%,Jan 2022
Dealer's Life,,,-50%,"R$ 14,99",87.87%,Jan 2019
The House of Da Vinci 2,Week Long Deal,"all-time low: R$ 15,99 at -60%",-50%,"R$ 29,99",87.76%,May 2020
Sanctum 2,,,-80%,"R$ 9,39",87.74%,May 2013
Ukrainian ball in search of gas,Week Long Deal,"all-time low: R$ 0,66 at -71%",-50%,"R$ 1,74",87.71%,Dec 2017
LUFTRAUSERS,,,-80%,"R$ 6,59",87.70%,Mar 2014
Sky Rogue,,,-75%,"R$ 9,24",87.69%,Aug 2017
SPACEPLAN,,,-67%,"R$ 3,46",87.69%,May 2017
Monstrum,,,-70%,"R$ 10,19",87.59%,May 2015
CHANGE: A Homeless Survival Experience,,,-60%,"R$ 14,79",87.57%,May 2020
Assassin‚Äôs Creed¬Æ IV Black Flag‚Ñ¢,,,-70%,"R$ 35,99",87.56%,‚Äî
SLUDGE LIFE,,,-80%,"R$ 9,39",87.48%,Jun 2021
Legend of Grimrock 2,Week Long Deal,"2-year low: R$ 10,24",-80%,"R$ 14,20",87.48%,Oct 2014
Heave Ho,,,-60%,"R$ 13,19",87.47%,Aug 2019
Intravenous,,,-70%,"R$ 17,99",87.46%,Jul 2021
Aces & Adventures,,,-57%,"R$ 49,18",87.44%,Feb 2023
RUINER,,,-80%,"R$ 11,99",87.42%,Sep 2017
Space Pirates and Zombies,,,-50%,"R$ 9,99",87.37%,Aug 2011
Human-powered spacecraft,Week Long Deal,"all-time low: R$ 0,66 at -71%",-50%,"R$ 1,74",87.35%,May 2018
The Vagrant,,,-80%,"R$ 2,75",87.34%,Jul 2018
Flamebreak,,,-75%,"R$ 5,17",87.31%,Mar 2016
Red Comrades Save the Galaxy: Reloaded,Week Long Deal,"all-time low: R$ 2,09 at -75%",-75%,"R$ 3,44",87.18%,Feb 2016
LUNA The Shadow Dust,,,-66%,"R$ 40,48",87.16%,Feb 2020
SanctuaryRPG: Black Edition,,,-85%,"R$ 2,48",87.11%,Feb 2015
Faerie Solitaire,Week Long Deal,current 2-year low,-90%,"R$ 2,89",87.04%,Sep 2010
Kandidatos,,,-50%,"R$ 1,74",87.00%,Sep 2020
NEO Scavenger,,,-75%,"R$ 11,74",86.88%,Dec 2014
Diamo XL,Week Long Deal,"all-time low: R$ 1,14 at -50%",-50%,"R$ 1,74",86.79%,Oct 2017
Super Blood Hockey,Week Long Deal,"all-time low: R$ 4,34 at -85%",-80%,"R$ 9,39",86.74%,Aug 2017
Witch It,,,-80%,"R$ 11,99",86.67%,Oct 2020
Neon Chrome,,,-60%,"R$ 18,79",86.47%,Apr 2016
Men of War‚Ñ¢,,,-85%,"R$ 2,54",86.46%,May 2009
Battle Brothers,,,-50%,"R$ 34,99",86.43%,Mar 2017
Sex and the Furry Titty 2: Sins of the City,,,-50%,"R$ 16,49",86.35%,Sep 2022
Grand Theft Auto V,,,-65%,"R$ 38,63",86.33%,Apr 2015
Scythe: Digital Edition,Week Long Deal,"all-time low: R$ 15,19 at -60%",-60%,"R$ 23,99",86.18%,Sep 2018
Icewind Dale: Enhanced Edition,Week Long Deal,"2-year low: R$ 9,49",-80%,"R$ 11,99",86.16%,Oct 2014
Mini Ninjas,,,-85%,"R$ 5,23",86.14%,Sep 2009
Supreme Commander 2,,,-75%,"R$ 13,72",86.10%,Mar 2010
Jurassic World Evolution 2,,,-70%,"R$ 32,99",86.10%,Nov 2021
Octogeddon,Week Long Deal,"all-time low: R$ 6,79 at -64%",-50%,"R$ 9,44",86.05%,Feb 2018
The Longest Journey,Week Long Deal,"2-year low: R$ 7,49",-60%,"R$ 13,19",86.01%,Nov 2000
Knightfall: A Daring Journey,,,-50%,"R$ 8,99",86.00%,Apr 2022
Sex and the Furry Titty,,,-60%,"R$ 9,40",85.86%,Jun 2021
Sanctum,,,-80%,"R$ 6,59",85.83%,Apr 2011
Golden Light,,,-50%,"R$ 29,99",85.76%,Mar 2022
Minit,,,-80%,"R$ 6,59",85.74%,Apr 2018
Stronghold 2: Steam Edition,Week Long Deal,"all-time low: R$ 6,99 at -75%",-70%,"R$ 8,39",85.72%,‚Äî
Olija,,,-70%,"R$ 14,09",85.67%,Jan 2021
Oknytt,Week Long Deal,"all-time low: R$ 1,04 at -90%",-83%,"R$ 1,78",85.66%,Jul 2013
Star Valor,,,-60%,"R$ 29,59",85.66%,Aug 2022
UBERMOSH,,,-90%,"R$ 1,74",85.46%,Aug 2015
Supreme Commander,,,-80%,"R$ 6,79",85.42%,Feb 2007
Tallowmere,,,-75%,"R$ 3,44",85.41%,Mar 2015
The Inner World,,,-90%,"R$ 4,69",85.38%,Sep 2013
Hydroneer,Week Long Deal,"all-time low: R$ 14,48 at -30%",-50%,"R$ 23,49",85.33%,May 2020
FlatOut: Ultimate Carnage Collector's Edition,,,-80%,"R$ 13,99",85.31%,Aug 2008
Heroes of Hammerwatch,,,-60%,"R$ 15,39",85.27%,Mar 2018
Prison Run and Gun,Week Long Deal,"all-time low: R$ 1,08 at -90%",-80%,"R$ 2,75",85.20%,Mar 2016
Men of War: Assault Squad,,,-90%,"R$ 3,29",85.17%,Feb 2011
Marc Eck≈ç's Getting Up: Contents Under Pressure,,,-90%,"R$ 4,69",85.16%,Feb 2006
Reigns,,,-67%,"R$ 3,46",85.06%,Aug 2016
"Football, Tactics & Glory",,,-80%,"R$ 14,79",84.98%,Jun 2018
Catlateral Damage,,,-75%,"R$ 8,24",84.95%,May 2015
Puzzle Agent,Week Long Deal,"2-year low: R$ 2,09",-50%,"R$ 9,99",84.87%,‚Äî
Max Payne 3,,,-70%,"R$ 29,85",84.84%,Jun 2012
Choice of Life: Middle Ages,,,-80%,"R$ 3,39",84.72%,Nov 2020
Tomb Raider: Legend,,,-86%,"R$ 4,05",84.70%,Apr 2006
MY HERO ONE'S JUSTICE 2,,,-85%,"R$ 23,23",84.62%,Sep 2023
Juicy Realm,,,-50%,"R$ 10,34",84.62%,May 2018
Heroes of Might & Magic V,,,-75%,"R$ 7,49",84.57%,May 2006
Conquest of Elysium 5,,,-50%,"R$ 44,49",84.52%,Aug 2021
Devolver Bootleg,,,-70%,"R$ 5,09",84.50%,Jun 2019
ToeJam & Earl: Back in the Groove!,,,-90%,"R$ 2,89",84.49%,Mar 2019
Grim Nights,Week Long Deal,"2-year low: R$ 3,24",-50%,"R$ 5,24",84.48%,Oct 2018
PANELKI,,,-80%,"R$ 3,39",84.47%,Mar 2022
Stories Untold,,,-80%,"R$ 6,59",84.39%,Feb 2017
Battlezone: Combat Commander,,,-81%,"R$ 7,21",84.38%,Mar 2018
Pawnbarian,,,-50%,"R$ 10,34",84.38%,Sep 2021
Game Corp DX,Week Long Deal,"all-time low: R$ 1,57 at -75%",-75%,"R$ 2,62",84.37%,Oct 2015
The Solitaire Conspiracy,,,-80%,"R$ 4,97",84.29%,Oct 2020
AI War 2,,,-75%,"R$ 14,99",84.28%,Oct 2019
The Enchanted Cave 2,,,-75%,"R$ 5,17",84.28%,Jun 2015
Mother Russia Bleeds,,,-80%,"R$ 9,39",84.19%,Sep 2016
We Need To Go Deeper,,,-50%,"R$ 15,49",84.19%,Aug 2019
Adventure Time: Pirates of the Enchiridion,Week Long Deal,"2-year low: R$ 14,24",-60%,"R$ 18,99",84.13%,Jul 2018
Aliens versus Predator Classic 2000,,,-80%,"R$ 3,39",84.09%,Mar 2000
L.A. Noire,,,-70%,"R$ 29,85",84.05%,Nov 2011
Virtual Rides 3 - Funfair Simulator,Week Long Deal,"all-time low: R$ 18,39 at -60%",-60%,"R$ 29,59",84.05%,Mar 2017
Tales of Monkey Island: Complete Season,Week Long Deal,"2-year low: R$ 5,79",-50%,"R$ 25,00",83.99%,Jul 2009
YORG.io,,,-80%,"R$ 2,75",83.98%,May 2019
Colt Canyon,,,-80%,"R$ 9,39",83.92%,Jun 2020
My Friend Stalin,,,-50%,"R$ 1,74",83.78%,Jun 2021
Dungeon of the ENDLESS‚Ñ¢,,,-80%,"R$ 4,79",83.76%,Oct 2014
Ride 2,Week Long Deal,"all-time low: R$ 5,79 at -90%",-90%,"R$ 12,45",83.70%,Oct 2016
Batman - The Telltale Series,Week Long Deal,"all-time low: R$ 7,24 at -75%",-50%,"R$ 25,00",83.67%,Aug 2016
Murdered: Soul Suspect,,,-90%,"R$ 5,59",83.62%,Jun 2014
Â¶ÑÊÉ≥ÁóáÔºöDeliver Me,,,-70%,"R$ 2,09",83.57%,Aug 2018
üëë Idle Calibur üëëÔºàÈÄâÁéã‰πãÂâëÔºâ,,,-50%,"R$ 13,24",83.57%,Jan 2022
Hyper Knights,Week Long Deal,"all-time low: R$ 2,62 at -75%",-75%,"R$ 4,24",83.56%,May 2017
Sable,,,-65%,"R$ 25,89",83.52%,Sep 2021
Nevergrind Online,,,-50%,"R$ 19,24",83.50%,Jun 2022
Caveblazers,,,-90%,"R$ 3,29",83.47%,May 2017
Faces of War,,,-85%,"R$ 2,54",83.44%,Sep 2006
Conquest of Elysium 4,,,-75%,"R$ 18,49",83.44%,Nov 2015
Remnant: From the Ashes,,,-70%,"R$ 22,64",83.44%,Aug 2019
The Bible,,,-75%,"R$ 7,24",83.42%,Nov 2022
Russian Village Simulator,Week Long Deal,"all-time low: R$ 21,19 at -20%",-50%,"R$ 23,49",83.38%,Sep 2023
Jianghu Survivor,,,-50%,"R$ 11,75",83.33%,Jun 2023
BDSM: Big Drunk Satanic Massacre,,,-88%,"R$ 4,55",83.32%,Oct 2019
WazHack,,,-69%,"R$ 5,26",83.31%,Feb 2014
The Dungeon Beneath,,,-50%,"R$ 23,49",83.24%,Oct 2020
Orcs Must Die! 3,,,-70%,"R$ 26,69",83.23%,Jul 2021
Steredenn: Binary Stars,,,-60%,"R$ 16,79",83.18%,Oct 2015
Cosmic DJ,,,-67%,"R$ 3,46",83.13%,Oct 2014
Stronghold Legends: Steam Edition,Week Long Deal,current 2-year low,-70%,"R$ 8,39",83.12%,Oct 2009
Bully: Scholarship Edition,,,-65%,"R$ 13,99",83.11%,Oct 2008
–ï–°–¢–¨ –î–í–ê –°–¢–£–õ–ê,,,-50%,"R$ 1,74",83.11%,Jun 2018
NOT A HERO,,,-80%,"R$ 11,99",83.06%,Jul 2016
Beyond Gravity,,,-50%,"R$ 2,14",83.06%,Sep 2014
Super Sanctum TD,,,-80%,"R$ 3,39",83.04%,May 2013
A Robot Named Fight!,,,-75%,"R$ 6,72",83.02%,Sep 2017
–í–ó–õ–û–ú –ñ–û–ü–´,,,-50%,"R$ 1,74",83.01%,Feb 2020
The Little Acre,Week Long Deal,"all-time low: R$ 2,59 at -90%",-80%,"R$ 5,19",82.97%,Dec 2016
Shadow of the Tomb Raider: Definitive Edition,,,-89%,"R$ 41,24",82.87%,Sep 2018
Police Stories,,,-80%,"R$ 11,99",82.81%,Sep 2019
Magicite,,,-50%,"R$ 10,34",82.81%,Jun 2014
Prince of Persia¬Æ: The Sands of Time,,,-80%,"R$ 5,99",82.80%,Dec 2003
Plebby Quest: The Crusades,,,-80%,"R$ 11,99",82.76%,Apr 2020
Diggles: The Myth of Fenris,,,-60%,"R$ 8,27",82.76%,Dec 2020
Judge Dredd: Dredd vs. Death,,,-60%,"R$ 6,39",82.72%,Feb 2005
Furry Shades of Gay,,,-60%,"R$ 9,40",82.69%,Dec 2020
Deadly Days,,,-90%,"R$ 2,48",82.68%,Sep 2019
South Park‚Ñ¢: The Fractured But Whole‚Ñ¢,,,-80%,"R$ 27,99",82.55%,Oct 2017
Over 9000 Zombies!,Week Long Deal,"all-time low: R$ 1,07 at -75%",-72%,"R$ 1,95",82.54%,Feb 2015
My Cute Fuhrer,,,-60%,"R$ 2,79",82.50%,Apr 2020
Just Cause‚Ñ¢ 3,,,-85%,"R$ 6,44",82.46%,Nov 2015
Razortron 2000,,,-50%,"R$ 1,74",82.43%,Oct 2016
Sid Meier's Civilization IV: Colonization,,,-75%,"R$ 7,49",82.42%,Sep 2008
Despot's Game: Dystopian Battle Simulator,,,-60%,"R$ 15,19",82.40%,Sep 2022
Neversong,,,-70%,"R$ 14,69",82.39%,May 2020
BARRIER X,,,-70%,"R$ 1,88",82.36%,May 2016
Kandidatos Kart,,,-50%,"R$ 1,74",82.36%,Oct 2020
Desktop Kanojo,Week Long Deal,"all-time low: R$ 3,56 at -45%",-50%,"R$ 5,24",82.33%,Apr 2020
Rebuild 3: Gangs of Deadsville,,,-60%,"R$ 18,79",82.30%,May 2015
PHOGS!,,,-55%,"R$ 21,37",82.25%,Dec 2020
Home Behind,,,-75%,"R$ 5,12",82.21%,Jun 2016
Curse of the Dead Gods,,,-65%,"R$ 26,21",82.19%,Feb 2021
Ni no Kuni‚Ñ¢ II: Revenant Kingdom,Week Long Deal,"all-time low: R$ 23,98 at -85%",-85%,"R$ 51,36",82.13%,Mar 2018
Red Dead Online,,,-50%,"R$ 55,99",82.13%,Dec 2020
Exit From,,,-70%,"R$ 5,09",82.07%,Apr 2021
Puzzle Agent 2,Week Long Deal,"2-year low: R$ 2,17",-50%,"R$ 9,99",82.03%,Jun 2011
SCP Strategy,,,-85%,"R$ 3,52",82.01%,May 2022
Youropa,,,-75%,"R$ 7,24",81.99%,Jun 2018
Hobo: Tough Life,Week Long Deal,"all-time low: R$ 23,19 at -60%",-60%,"R$ 35,59",81.91%,Apr 2021
Sacred Gold,Week Long Deal,current 2-year low,-75%,"R$ 4,99",81.88%,Aug 2006
ENDLESS‚Ñ¢ Space 2,,,-75%,"R$ 19,99",81.85%,May 2017
The Eternal Cylinder,,,-65%,"R$ 25,89",81.82%,Oct 2022
Blazing Beaks,,,-75%,"R$ 7,24",81.76%,May 2019
Hitman GO: Definitive Edition,,,-80%,"R$ 3,19",81.69%,Feb 2016
Mortal Glory,,,-50%,"R$ 13,24",81.69%,Jan 2020
Serious Sam VR: The First Encounter,,,-90%,"R$ 5,99",81.67%,Mar 2017
Tomb Raider IV: The Last Revelation,,,-86%,"R$ 4,05",81.59%,Nov 2012
Star Traders: Frontiers,,,-50%,"R$ 23,49",81.45%,Aug 2018
Faerie Solitaire Remastered,Week Long Deal,current 2-year low,-90%,"R$ 2,89",81.44%,Dec 2017
12 is Better Than 6,,,-90%,"R$ 1,99",81.41%,Nov 2015
Tokyo Dark,,,-75%,"R$ 8,49",81.37%,Sep 2017
Runestone Keeper,,,-80%,"R$ 3,99",81.34%,Mar 2015
Legacy of Kain: Defiance,,,-86%,"R$ 4,05",81.30%,Dec 2003
Orbital Bullet ‚Äì The 360¬∞ Rogue-lite,,,-80%,"R$ 6,59",81.30%,Mar 2022
CASE: Animatronics,Week Long Deal,"all-time low: R$ 1,99 at -90%",-85%,"R$ 4,94",81.29%,Aug 2016
The logic of the miniature garden,,,-80%,"R$ 6,59",81.28%,Jun 2019
HALF DEAD 2,,,-50%,"R$ 4,49",81.28%,Aug 2019
Transport Fever,,,-85%,"R$ 13,34",81.27%,Nov 2016
Will Glow the Wisp,Week Long Deal,"2-year low: R$ 0,85",-70%,"R$ 2,09",81.24%,Sep 2017
DOKA 2 KISHKI EDITION,,,-50%,"R$ 1,74",81.24%,Nov 2018
War of the Human Tanks,,,-50%,"R$ 16,49",81.17%,Sep 2012
Battlestar Galactica Deadlock,Week Long Deal,"all-time low: R$ 0,00 at -100%",-80%,"R$ 21,59",81.16%,Aug 2017
FORWARD: Escape the Fold - Ultimate Edition,,,-50%,"R$ 10,34",81.15%,Mar 2022
Roguebook,,,-70%,"R$ 32,99",81.14%,Jun 2021
Desktop Dungeons,,,-50%,"R$ 12,49",81.14%,Apr 2023
MXGP PRO,Week Long Deal,"all-time low: R$ 5,49 at -90%",-90%,"R$ 12,45",81.10%,Jun 2018
Serious Sam VR: The Last Hope,,,-76%,"R$ 70,37",81.02%,Sep 2017
ADOM (Ancient Domains Of Mystery),,,-50%,"R$ 13,99",81.01%,Nov 2015
Phantom Abyss,,,-50%,"R$ 29,99",80.97%,Jan 2024
Hard Truck Apocalypse / Ex Machina,Week Long Deal,"all-time low: R$ 1,43 at -91%",-75%,"R$ 6,62",80.93%,Dec 2005
Moonlighter,,,-85%,"R$ 6,15",80.86%,May 2018
Men of War: Red Tide,,,-85%,"R$ 2,54",80.82%,Nov 2009
–°–∏–º—É–ª—è—Ç–æ—Ä –°–∏–¥–µ–Ω–∏—è —É –ü–æ–¥—ä–µ–∑–¥–∞,,,-50%,"R$ 1,74",80.76%,Apr 2019
Euro Truck Simulator,,,-80%,"R$ 3,21",80.73%,Aug 2008
Unexplored,,,-50%,"R$ 9,99",80.73%,Feb 2017
Slasher's Keep,,,-65%,"R$ 9,76",80.72%,Nov 2020
Tricolour Lovestory,,,-70%,"R$ 2,09",80.70%,Sep 2017
Grand Theft Auto IV: The Complete Edition,,,-70%,"R$ 23,70",80.62%,Mar 2020
Quantum Conundrum,,,-89%,"R$ 3,17",80.61%,Jun 2012
Asura: Vengeance Edition,,,-50%,"R$ 9,99",80.61%,Apr 2017
Nexus - The Jupiter Incident,Week Long Deal,"all-time low: R$ 1,99 at -90%",-80%,"R$ 3,99",80.54%,Nov 2004
Expeditions: Viking,Week Long Deal,"all-time low: R$ 11,19 at -80%",-75%,"R$ 13,99",80.52%,Apr 2017
Metal Unit,,,-80%,"R$ 9,39",80.50%,Jan 2021
Barro Racing,,,-90%,"R$ 1,74",80.49%,Sep 2020
Isonzo,,,-67%,"R$ 29,36",80.47%,Sep 2022
I got a cat maid,,,-60%,"R$ 1,79",80.46%,Aug 2019
Sword of the Stars: The Pit,,,-50%,"R$ 8,49",80.45%,Feb 2013
Life is Strange Remastered,,,-50%,"R$ 99,50",80.37%,Feb 2022
Dreamfall: The Longest Journey,Week Long Deal,"2-year low: R$ 13,49",-60%,"R$ 23,99",80.36%,Apr 2006
"Flashing Lights - Police, Firefighting, Emergency Services (EMS) Simulator",,,-66%,"R$ 16,14",80.27%,May 2023
Serious Sam 3 VR: BFE,,,-85%,"R$ 13,34",80.24%,Nov 2017
Full Mojo Rampage,,,-50%,"R$ 9,99",80.21%,May 2014
Soldiers: Heroes of World War II,,,-85%,"R$ 2,54",80.13%,Jun 2004
Tomb Raider: Anniversary,,,-89%,"R$ 4,12",80.10%,Jun 2007
Steep‚Ñ¢,,,-85%,"R$ 13,49",80.07%,Dec 2016
Game Dev Studio,,,-70%,"R$ 9,89",80.02%,Mar 2018
They Bleed Pixels,,,-75%,"R$ 8,24",80.01%,Aug 2012
Warstone TD,,,-80%,"R$ 5,79",79.96%,May 2018
CASE 2: Animatronics Survival,Week Long Deal,"all-time low: R$ 3,31 at -80%",-76%,"R$ 7,91",79.86%,Aug 2018
Tangledeep,,,-60%,"R$ 11,19",79.76%,Feb 2018
Reigns: Her Majesty,,,-67%,"R$ 3,46",79.67%,Dec 2017
The Crew‚Ñ¢ 2,,,-80%,"R$ 35,99",79.66%,Jun 2018
Noob - The Factionless,,,-60%,"R$ 31,99",79.60%,Jun 2023
Blackout Z: Slaughterhouse Edition,,,-50%,"R$ 1,74",79.50%,Oct 2017
Dead Age,,,-90%,"R$ 4,69",79.46%,Jul 2016
CPU Invaders,,,-90%,"R$ 1,74",79.44%,Feb 2017
Death's Gambit: Afterlife,,,-50%,"R$ 29,99",79.37%,Aug 2018
bit Dungeon II,,,-75%,"R$ 2,09",79.36%,Dec 2014
Syder Arcade,Week Long Deal,"2-year low: R$ 4,99",-50%,"R$ 9,99",79.24%,Oct 2013
The Talos Principle VR,,,-70%,"R$ 26,69",79.18%,Oct 2017
Lust from Beyond,,,-58%,"R$ 15,95",79.16%,Mar 2021
CRYPTARK,,,-75%,"R$ 6,99",79.12%,Jun 2017
Time Warpers,,,-50%,"R$ 18,99",79.08%,Jan 2020
G.O.P.O.T.A,,,-50%,"R$ 1,74",79.07%,Apr 2023
Hentai Furry 2,,,-50%,"R$ 1,74",79.06%,Nov 2020
Fantasy General II,Week Long Deal,"all-time low: R$ 26,99 at -75%",-70%,"R$ 32,39",79.01%,Sep 2019
Monsters' Den: Godfall,,,-66%,"R$ 15,97",79.01%,Jul 2017
Braveland,Week Long Deal,"all-time low: R$ 1,65 at -90%",-90%,"R$ 3,29",79.00%,Mar 2014
AI War: Fleet Command,,,-75%,"R$ 8,24",79.00%,Oct 2009
Blade Kitten,Week Long Deal,"2-year low: R$ 2,13",-50%,"R$ 3,14",78.98%,Sep 2010
Happy Quest,Week Long Deal,"all-time low: R$ 1,79 at -60%",-70%,"R$ 2,09",78.91%,Nov 2020
OlliOlli2: Welcome to Olliwood,,,-80%,"R$ 9,39",78.88%,Aug 2015
TT Isle of Man: Ride on the Edge 2,,,-75%,"R$ 17,49",78.86%,Mar 2020
Interstellar Space: Genesis,,,-67%,"R$ 19,13",78.85%,Jul 2019
8-Bit Armies,,,-50%,"R$ 23,49",78.79%,Apr 2016
ENDLESS‚Ñ¢ Space - Definitive Edition,,,-75%,"R$ 4,99",78.60%,Jul 2012
The Textorcist: The Story of Ray Bibbia,,,-88%,"R$ 5,63",78.54%,Feb 2019
Thief: Deadly Shadows,,,-89%,"R$ 4,12",78.53%,Jun 2004
Dungeon Siege,,,-86%,"R$ 3,06",78.42%,Apr 2002
Evoland Legendary Edition,,,-75%,"R$ 9,24",78.41%,Feb 2019
Gloom,,,-75%,"R$ 8,24",78.40%,Apr 2017
Serious Sam Double D XXL,,,-90%,"R$ 3,29",78.37%,Aug 2011
Hentai Waifu,,,-50%,"R$ 1,74",78.29%,Mar 2019
Gay World,Week Long Deal,"all-time low: R$ 1,14 at -50%",-50%,"R$ 1,74",78.25%,Jan 2018
Cargo Commander,,,-73%,"R$ 4,58",78.21%,Nov 2012
DungeonTop,,,-53%,"R$ 14,56",78.19%,Jun 2020
Bus Driver,,,-80%,"R$ 3,21",78.17%,Mar 2007
Broken Armor,,,-50%,"R$ 1,74",78.16%,Aug 2016
Sword Art Online: Fatal Bullet,,,-85%,"R$ 23,98",78.14%,Feb 2018
Signal Simulator,Week Long Deal,"all-time low: R$ 9,25 at -75%",-50%,"R$ 18,50",78.07%,Apr 2018
Judgment: Apocalypse Survival Simulation,,,-60%,"R$ 23,99",78.05%,May 2018
Bloody Trapland 2: Curiosity,Week Long Deal,"all-time low: R$ 2,06 at -90%",-75%,"R$ 8,24",78.00%,Feb 2019
Blueprint Tycoon,Week Long Deal,"all-time low: R$ 1,57 at -75%",-75%,"R$ 2,62",77.98%,May 2016
Cultist Simulator,,,-50%,"R$ 18,99",77.86%,May 2018
Roguelands,,,-50%,"R$ 10,34",77.82%,Nov 2015
Hero's Hour,,,-50%,"R$ 17,49",77.80%,Mar 2022
Roundguard,,,-75%,"R$ 14,99",77.73%,Mar 2020
Weedcraft Inc,,,-75%,"R$ 14,99",77.69%,Apr 2019
Black Reliquary,,,-79%,"R$ 25,11",77.62%,Mar 2023
Xpand Rally,,,-89%,"R$ 1,86",77.51%,Aug 2006
Ship of Fools,,,-60%,"R$ 45,99",77.48%,Nov 2022
Windward,,,-50%,"R$ 10,34",77.46%,May 2015
Jack Move,,,-50%,"R$ 18,99",77.44%,Sep 2022
Scania Truck Driving Simulator,,,-80%,"R$ 6,39",77.40%,Jun 2012
OmniBus,,,-80%,"R$ 3,39",77.17%,May 2016
Titan Souls,,,-90%,"R$ 4,69",77.15%,Apr 2015
EVERSPACE‚Ñ¢,,,-85%,"R$ 8,99",77.13%,May 2017
Banners of Ruin,,,-70%,"R$ 11,39",77.10%,Jul 2021
Weapon Shop Fantasy,,,-50%,"R$ 10,34",77.05%,Feb 2017
Bridge Constructor Medieval,,,-90%,"R$ 3,29",76.97%,Sep 2014
Legend of Keepers: Career of a Dungeon Manager,,,-80%,"R$ 7,99",76.93%,Apr 2021
Oceanhorn: Monster of Uncharted Seas,Week Long Deal,current 2-year low,-50%,"R$ 13,99",76.82%,Mar 2015
Blair Witch,,,-80%,"R$ 11,59",76.77%,Aug 2019
X4: Foundations,,,-60%,"R$ 53,99",76.74%,Nov 2018
Heart&Slash,,,-81%,"R$ 5,50",76.68%,Aug 2016
Alex Kidd in Miracle World DX,,,-71%,"R$ 42,05",76.63%,Jun 2021
Alwa's Awakening,Week Long Deal,"all-time low: R$ 3,99 at -80%",-81%,"R$ 6,26",76.62%,Feb 2017
Moon Hunters,,,-90%,"R$ 4,69",76.46%,Mar 2016
LEGIONCRAFT,,,-50%,"R$ 13,94",76.41%,Aug 2022
Observation,,,-75%,"R$ 18,49",76.40%,May 2020
Daily Wife,,,-70%,"R$ 5,09",76.33%,Aug 2020
Mech Armada,,,-75%,"R$ 9,49",76.24%,Jun 2022
Peekaboo,,,-80%,"R$ 2,75",76.21%,Aug 2019
Crossing Souls,,,-80%,"R$ 9,39",76.15%,Feb 2018
Streamer Life Simulator,Week Long Deal,"all-time low: R$ 17,09 at -55%",-70%,"R$ 23,26",76.06%,Aug 2020
Elite Dangerous,,,-70%,"R$ 17,99",76.06%,Apr 2015
Weird West: Definitive Edition,,,-75%,"R$ 24,99",76.05%,Mar 2022
Prince of Persia: The Two Thrones‚Ñ¢,,,-80%,"R$ 5,99",76.04%,Dec 2005
Escape Dungeon,,,-60%,"R$ 16,79",76.04%,Nov 2020
Expeditions: Conquistador,Week Long Deal,"all-time low: R$ 6,99 at -80%",-75%,"R$ 8,74",76.02%,May 2013
Sproggiwood,,,-60%,"R$ 18,79",76.02%,Oct 2014
Prince of Persia¬Æ,,,-80%,"R$ 5,99",75.95%,Dec 2008
Anarchy: Wolf's law,,,-78%,"R$ 11,81",75.95%,Jun 2023
The Blackout Club,,,-50%,"R$ 28,99",75.87%,Jul 2019
Dungeon Escape,Week Long Deal,"all-time low: R$ 0,76 at -93%",-83%,"R$ 2,34",75.83%,May 2016
Incubus,,,-60%,"R$ 14,31",75.77%,Jul 2023
DreadOut: Keepers of The Dark,,,-80%,"R$ 2,79",75.75%,Mar 2016
Despotism 3k,,,-60%,"R$ 6,63",75.73%,Nov 2018
–°–∏–º—É–ª—è—Ç–æ—Ä –ü—Ä—ã–≥–∞–Ω–∏—è –ø–æ –ì–∞—Ä–∞–∂–∞–º,,,-50%,"R$ 1,74",75.70%,Dec 2022
Livelock,,,-85%,"R$ 3,10",75.65%,Aug 2016
Jalopy,,,-75%,"R$ 7,24",75.48%,Mar 2018
Nyasha,,,-50%,"R$ 1,74",75.38%,Mar 2019
Drake Hollow,,,-70%,"R$ 29,99",75.35%,Oct 2020
She Sees Red - Interactive Movie,,,-70%,"R$ 5,03",75.22%,Jul 2019
Far Cry¬Æ New Dawn,,,-85%,"R$ 44,99",75.08%,Feb 2019
SKYHILL,,,-51%,"R$ 22,94",75.06%,Oct 2015
–°–ò–ú–£–õ–Ø–¢–û–† –û–î–ò–ù–û–ß–ï–°–¢–í–ê –í –†–£–°–°–ö–û–ô –î–ï–†–ï–í–ù–ï,,,-70%,"R$ 2,09",74.99%,Apr 2021
Lumencraft,,,-55%,"R$ 26,99",74.99%,Feb 2023
Not The Robots,,,-75%,"R$ 8,24",74.96%,Dec 2013
Galactic Civilizations III,,,-66%,"R$ 36,71",74.93%,May 2015
Giana Sisters: Twisted Dreams,Week Long Deal,"all-time low: R$ 2,79 at -90%",-80%,"R$ 6,59",74.87%,Oct 2012
City of Brass,,,-90%,"R$ 5,99",74.84%,May 2018
Moons of Madness,Week Long Deal,"all-time low: R$ 14,99 at -70%",-60%,"R$ 29,59",74.84%,Oct 2019
Age of Gladiators,Week Long Deal,"all-time low: R$ 1,99 at -90%",-80%,"R$ 3,99",74.83%,Feb 2016
OlliOlli,,,-80%,"R$ 8,39",74.83%,Jul 2014
Cartel Tycoon,,,-73%,"R$ 34,44",74.81%,Jul 2022
Black The Fall,,,-70%,"R$ 19,47",74.81%,Jul 2017
David.,Week Long Deal,"all-time low: R$ 1,15 at -73%",-70%,"R$ 2,09",74.78%,Mar 2014
STORM AREA 51: AYY LMAO EDITION,,,-50%,"R$ 1,74",74.77%,Sep 2019
8Doors: Arum's Afterlife Adventure,,,-80%,"R$ 11,99",74.76%,Apr 2021
Dead In Vinland,Week Long Deal,"2-year low: R$ 11,49",-80%,"R$ 11,99",74.75%,Apr 2018
Tomb Raider: Underworld,,,-89%,"R$ 4,12",74.69%,Nov 2008
Fictorum,,,-75%,"R$ 5,17",74.69%,Aug 2017
Happy Guy,Week Long Deal,"all-time low: R$ 2,92 at -55%",-60%,"R$ 4,19",74.67%,Sep 2021
Acceleration of SUGURI 2,,,-50%,"R$ 14,99",74.63%,Mar 2018
Love Rhythm,Week Long Deal,"all-time low: R$ 1,12 at -75%",-50%,"R$ 5,24",74.62%,Nov 2019
Reigns: Game of Thrones,,,-67%,"R$ 4,55",74.57%,Oct 2018
Mana Spark,,,-67%,"R$ 8,21",74.57%,Sep 2018
DreadOut,,,-80%,"R$ 5,59",74.49%,May 2014
Arboria,,,-90%,"R$ 3,79",74.46%,Sep 2021
One Dog Story,,,-90%,"R$ 2,48",74.45%,Apr 2017
Nickelodeon Kart Racers 2: Grand Prix,,,-85%,"R$ 5,69",74.45%,Dec 2020
Darkest Dungeon¬Æ II,,,-51%,"R$ 89,31",74.35%,May 2023
Metaverse Keeper / ÂÖÉËÉΩÂ§±Êéß,,,-75%,"R$ 7,24",74.33%,Apr 2019
Space Colony: Steam Edition,Week Long Deal,current 2-year low,-75%,"R$ 6,99",74.33%,Apr 2015
Arthas - The Game,Week Long Deal,"all-time low: R$ 2,54 at -85%",-80%,"R$ 3,39",74.31%,Feb 2023
The Flame in the Flood,,,-85%,"R$ 7,49",74.23%,Feb 2016
Cockwork Industries Complete,,,-60%,"R$ 7,99",74.18%,Nov 2019
Mind Scanners,,,-65%,"R$ 11,54",74.17%,May 2021
Exit the Gungeon,,,-60%,"R$ 13,19",74.14%,Mar 2020
Lifeless Planet Premier Edition,,,-60%,"R$ 25,59",74.14%,Jun 2014
Mind Spheres,,,-90%,"R$ 1,74",74.07%,Jul 2016
Black Desert,,,-70%,"R$ 5,23",74.06%,May 2017
Blade Assault,,,-80%,"R$ 6,99",74.00%,Jan 2022
Sparklite,,,-85%,"R$ 7,12",73.95%,Nov 2019
Assassin's Creed Freedom Cry,,,-60%,"R$ 17,99",73.92%,Feb 2014
Battlestations: Midway,,,-86%,"R$ 3,06",73.90%,Jan 2007
Dead Age 2: The Zombie Survival RPG,,,-80%,"R$ 10,99",73.83%,Mar 2021
Miasmata,Week Long Deal,current 2-year low,-80%,"R$ 4,99",73.81%,Nov 2012
Pathway,,,-60%,"R$ 19,99",73.77%,Apr 2019
Sacred 2 Gold,Week Long Deal,current 2-year low,-75%,"R$ 6,99",73.60%,Dec 2012
Deadly 30,,,-86%,"R$ 2,37",73.57%,Jan 2014
Bridge Constructor,,,-90%,"R$ 3,29",73.53%,Oct 2013
Tumblestone,,,-81%,"R$ 8,73",73.53%,Jul 2016
The Witcher Adventure Game,,,-85%,"R$ 4,49",73.49%,Nov 2014
KumaKuma Manga Editor,,,-80%,"R$ 4,09",73.49%,Feb 2019
Okhlos: Omega,,,-80%,"R$ 8,39",73.46%,Aug 2016
2Dark,,,-90%,"R$ 7,90",73.39%,Mar 2017
Evil West,,,-65%,"R$ 62,96",73.34%,Nov 2022
One More Dungeon,,,-70%,"R$ 4,49",73.20%,Nov 2015
Thief,,,-85%,"R$ 12,52",73.11%,Feb 2014
Trainz Railroad Simulator 2019,,,-83%,"R$ 45,60",73.03%,Jan 2019
Overture,,,-80%,"R$ 2,17",73.00%,Jan 2015
The Wizards - Enhanced Edition,Week Long Deal,"2-year low: R$ 14,24",-66%,"R$ 16,14",72.96%,Mar 2018
The Settlers¬Æ : Rise of an Empire - History Edition,,,-60%,"R$ 14,39",72.94%,Jan 2019
Shanhe,,,-60%,"R$ 5,79",72.87%,Jul 2023
Poop Clicker,,,-50%,"R$ 1,74",72.85%,Mar 2022
Out There: Œ© Edition,,,-80%,"R$ 5,59",72.77%,Apr 2015
Dungeon Siege II,,,-86%,"R$ 3,06",72.61%,Aug 2005
DreadOut 2,,,-50%,"R$ 18,99",72.56%,Feb 2020
Dungelot: Shattered Lands,,,-75%,"R$ 8,24",72.42%,Feb 2016
ÊÅ∂È≠îËø∑ÂÆ´ | Evil Maze,Week Long Deal,"2-year low: R$ 2,14",-50%,"R$ 3,49",72.39%,Jun 2016
Z,,,-87%,"R$ 1,81",72.35%,Jul 2014
Volume,,,-80%,"R$ 7,39",72.29%,Aug 2015
Dysfunctional Systems: Learning to Manage Chaos,,,-50%,"R$ 5,24",72.25%,Apr 2013
Asterix & Obelix XXL: Romastered,,,-85%,"R$ 7,94",72.16%,Oct 2020
Quest of Dungeons,,,-70%,"R$ 5,09",72.11%,Mar 2014
Project: Snowblind,,,-85%,"R$ 2,98",72.08%,Feb 2005
TAPSONIC BOLD,,,-70%,"R$ 11,39",72.03%,Mar 2019
Larva Mortus,,,-67%,"R$ 3,46",71.94%,Mar 2009
Sea Dogs: To Each His Own,,,-80%,"R$ 5,59",71.86%,Feb 2016
The Warlock of Firetop Mountain,Week Long Deal,"all-time low: R$ 7,39 at -80%",-70%,"R$ 11,09",71.81%,Aug 2016
Bionic Dues,,,-75%,"R$ 8,24",71.70%,Oct 2013
Ash of Gods: Redemption,Week Long Deal,"all-time low: R$ 9,49 at -80%",-80%,"R$ 14,79",71.69%,Mar 2018
Pixel Heroes: Byte & Magic,,,-90%,"R$ 3,29",71.61%,Feb 2015
Elmarion: Dragon time,,,-50%,"R$ 14,49",71.53%,Mar 2020
Hell is Others,,,-50%,"R$ 12,49",71.53%,Oct 2022
Office Battle,,,-50%,"R$ 1,74",71.52%,Dec 2015
The Land of Pain,,,-75%,"R$ 9,62",71.51%,Sep 2017
Tunche,,,-60%,"R$ 15,19",71.45%,Nov 2021
Internet Cafe Simulator,Week Long Deal,"all-time low: R$ 8,27 at -60%",-65%,"R$ 11,54",71.36%,Oct 2019
Life is Strange: Before the Storm Remastered,,,-50%,"R$ 99,50",71.09%,Feb 2022
Block'hood,,,-67%,"R$ 15,50",71.04%,May 2017
Victory At Sea,,,-85%,"R$ 6,89",70.93%,Aug 2014
The Search,,,-70%,"R$ 4,13",70.93%,Apr 2017
As Far As The Eye,,,-75%,"R$ 11,87",70.81%,Sep 2020
The Shore,Week Long Deal,"all-time low: R$ 3,73 at -85%",-80%,"R$ 4,97",70.80%,Feb 2021
Absolver,,,-80%,"R$ 17,79",70.76%,Aug 2017
God's Trigger,,,-80%,"R$ 5,79",70.50%,Apr 2019
Run Build Pew!,,,-50%,"R$ 5,24",70.47%,Jun 2022
Anachronox,,,-86%,"R$ 3,06",70.44%,Jun 2001
Stronghold Crusader 2,,,-90%,"R$ 7,54",70.37%,Sep 2014
Chasm,,,-70%,"R$ 11,39",70.36%,Jul 2018
Tomb Raider V: Chronicles,,,-86%,"R$ 4,05",70.30%,Nov 2012
Recipe for Disaster,,,-72%,"R$ 13,15",70.27%,Aug 2022
Nickelodeon All-Star Brawl,,,-90%,"R$ 9,39",70.26%,Oct 2021
Crowntakers,,,-70%,"R$ 9,89",70.21%,Nov 2014
200% Mixed Juice!,,,-50%,"R$ 11,75",70.16%,Oct 2015
Big Bia,,,-50%,"R$ 14,49",70.15%,Jun 2022
Dead In Bermuda,,,-80%,"R$ 5,59",70.08%,Aug 2015
Blaite,,,-50%,"R$ 1,74",70.01%,Jan 2017
StarsOne,Week Long Deal,"2-year low: R$ 4,99",-50%,"R$ 16,49",69.99%,Apr 2016
EARTHLOCK,Week Long Deal,"all-time low: R$ 9,00 at -90%",-85%,"R$ 13,50",69.93%,Mar 2018
Collapse,Week Long Deal,"2-year low: R$ 3,69",-75%,"R$ 14,99",69.91%,Sep 2008
Truberbrook / Tr√ºberbrook,,,-95%,"R$ 4,44",69.89%,Mar 2019
Conflict Desert Storm‚Ñ¢,,,-86%,"R$ 3,06",69.40%,Sep 2002
Tom Clancy‚Äôs The Division‚Ñ¢,,,-85%,"R$ 13,49",69.33%,Mar 2016
Order of War‚Ñ¢,,,-85%,"R$ 3,73",69.32%,Sep 2009
Rogue's Tale,,,-50%,"R$ 11,75",69.23%,Mar 2014
Black Future '88,,,-90%,"R$ 5,99",69.18%,Nov 2019
TT Isle of Man: Ride on the Edge,,,-80%,"R$ 9,59",69.13%,Mar 2018
Mirror Maker,,,-60%,"R$ 2,79",68.99%,Jan 2019
Gods Will Be Watching,,,-80%,"R$ 6,59",68.93%,Jul 2014
INDUSTRIA,,,-70%,"R$ 17,99",68.88%,Sep 2021
There Is No Light: Enhanced Edition,,,-50%,"R$ 29,99",68.85%,Sep 2022
Silver Chains,,,-95%,"R$ 3,69",68.80%,Aug 2019
Rogue Lords,,,-70%,"R$ 14,99",68.79%,Sep 2021
Eternal Edge +,,,-90%,"R$ 2,89",68.75%,May 2022
TOKYO GHOUL:re [CALL to EXIST],,,-90%,"R$ 15,99",68.75%,Nov 2019
Hero Siege,,,-80%,"R$ 5,29",68.73%,Jan 2014
Immortals Fenyx Rising,,,-85%,"R$ 28,49",68.66%,Dec 2022
Feudal Alloy,,,-90%,"R$ 3,29",68.46%,Jan 2019
Trek to Yomi,,,-60%,"R$ 23,99",68.42%,May 2022
The Park¬Æ,Week Long Deal,"all-time low: R$ 8,99 at -70%",-60%,"R$ 16,79",68.41%,Oct 2015
Assassin's Creed Valhalla,,,-80%,"R$ 39,99",68.29%,Dec 2022
March of the Living,,,-50%,"R$ 14,49",68.23%,Apr 2016
Warbanners,Week Long Deal,"all-time low: R$ 7,59 at -80%",-70%,"R$ 11,39",68.15%,Oct 2017
MX vs ATV Legends,Week Long Deal,"all-time low: R$ 30,00 at -60%",-50%,"R$ 37,50",68.01%,Jun 2022
Children of Zodiarcs,,,-70%,"R$ 8,39",67.95%,Jul 2017
Particula,,,-90%,"R$ 1,74",67.91%,Feb 2015
Distant Worlds 2,,,-50%,"R$ 67,49",67.88%,Mar 2022
RONIN,,,-80%,"R$ 8,39",67.79%,Jun 2015
Tinkertown,,,-75%,"R$ 13,12",67.77%,Jun 2023
BELOW,,,-75%,"R$ 11,87",67.73%,Dec 2018
Toilet Simulator 2020,,,-50%,"R$ 1,74",67.48%,Jan 2019
Toby: The Secret Mine,,,-90%,"R$ 1,99",67.44%,Oct 2015
Men of War: Condemned Heroes,,,-85%,"R$ 3,97",67.33%,Apr 2012
Killing Room,,,-60%,"R$ 18,79",67.29%,Oct 2016
Trigon: Space Story,,,-70%,"R$ 11,39",67.18%,Apr 2022
Nigate Tale,,,-61%,"R$ 14,81",67.16%,Apr 2021
3089 -- Futuristic Action RPG,,,-75%,"R$ 5,87",67.15%,Jan 2014
Ninja Stealth,,,-90%,"R$ 1,74",66.98%,Jun 2016
Guns n Zombies,Week Long Deal,"all-time low: R$ 1,59 at -90%",-89%,"R$ 2,91",66.97%,Oct 2014
STAY,,,-90%,"R$ 2,48",66.91%,May 2018
Ludus,Week Long Deal,"all-time low: R$ 8,27 at -60%",-65%,"R$ 11,54",66.83%,Feb 2020
Rogue Stormers,,,-80%,"R$ 7,39",66.63%,Sep 2016
Sacred Citadel,Week Long Deal,current 2-year low,-75%,"R$ 4,99",66.58%,Apr 2013
HUMANKIND‚Ñ¢,,,-75%,"R$ 39,75",66.57%,Aug 2021
Road 96: Mile 0,,,-70%,"R$ 19,50",66.56%,Apr 2023
Conan Unconquered,Week Long Deal,"all-time low: R$ 13,94 at -70%",-60%,"R$ 23,99",66.55%,May 2019
Lust for Darkness,,,-90%,"R$ 2,79",66.53%,Jun 2018
Townsmen - A Kingdom Rebuilt,Week Long Deal,"2-year low: R$ 8,24",-80%,"R$ 10,99",66.52%,Feb 2019
Blood Omen 2: Legacy of Kain,,,-86%,"R$ 4,05",66.26%,Mar 2002
Crypto Mining Simulator,Week Long Deal,"all-time low: R$ 1,69 at -90%",-70%,"R$ 5,09",66.08%,Apr 2021
Trucks & Trailers,,,-80%,"R$ 3,21",66.04%,Jun 2011
LARA CROFT AND THE TEMPLE OF OSIRIS‚Ñ¢,,,-85%,"R$ 12,52",66.03%,Dec 2014
Shattered Planet,,,-90%,"R$ 4,69",65.73%,Jul 2014
OUTRIDERS,,,-50%,"R$ 45,45",65.58%,Apr 2021
We Are The Dwarves,,,-95%,"R$ 17,26",65.50%,Feb 2016
Zengeon,,,-76%,"R$ 9,11",65.28%,Jun 2019
ENDLESS‚Ñ¢ Dungeon,,,-50%,"R$ 79,95",65.19%,Oct 2023
Infectonator: Survivors,,,-90%,"R$ 3,29",65.17%,Aug 2016
Just Cause,,,-86%,"R$ 3,06",65.03%,Sep 2006
Anima: Gate of Memories,,,-84%,"R$ 13,29",64.92%,Jun 2016
Pixel Piracy,,,-80%,"R$ 9,39",64.66%,Apr 2015
Omikron: The Nomad Soul,,,-86%,"R$ 4,88",64.55%,Nov 1999
Survivor Squad,,,-80%,"R$ 2,09",64.16%,Nov 2013
Might and Magic: Heroes VII ‚Äì Trial by Fire,,,-75%,"R$ 22,49",64.09%,Aug 2016
Mysteria ~Occult Shadows~,,,-80%,"R$ 8,39",64.08%,Sep 2020
Stronghold: Warlords,,,-90%,"R$ 7,99",64.04%,Mar 2021
Legacy of Kain: Soul Reaver 2,,,-86%,"R$ 4,05",63.99%,Nov 2001
Cardaclysm,,,-90%,"R$ 4,69",63.97%,Feb 2021
V-Rally 4,,,-90%,"R$ 6,99",63.81%,Sep 2018
Gift Girl,,,-60%,"R$ 2,79",63.28%,Mar 2020
Men of War: Vietnam,,,-85%,"R$ 3,97",63.06%,Sep 2011
Weird Worlds: Return to Infinite Space,,,-80%,"R$ 2,17",63.04%,Mar 2013
Train Fever,,,-90%,"R$ 5,99",62.97%,Sep 2014
Darksburg,,,-75%,"R$ 7,24",62.90%,Sep 2020
Blightbound,,,-60%,"R$ 23,99",62.84%,Jul 2021
Monster Energy Supercross - The Official Videogame 4,Week Long Deal,"all-time low: R$ 17,59 at -80%",-85%,"R$ 22,42",62.72%,Mar 2021
Project AURA,,,-75%,"R$ 7,24",62.26%,Apr 2018
The Swindle,,,-85%,"R$ 4,19",61.84%,Jul 2015
The Swords of Ditto: Mormo's Curse,,,-80%,"R$ 9,39",61.51%,Apr 2018
Abyss Odyssey,,,-80%,"R$ 5,59",61.46%,Jul 2014
HERO DEFENSE,,,-95%,"R$ 4,44",61.42%,May 2016
Shoppe Keep,,,-66%,"R$ 3,70",61.04%,May 2016
Just Cause 4 Reloaded,,,-95%,"R$ 14,93",60.95%,Dec 2018
Brewpub Simulator,,,-54%,"R$ 34,93",60.77%,Jul 2023
Dungeon Hearts,,,-67%,"R$ 3,46",60.75%,Mar 2013
Depraved,,,-90%,"R$ 3,79",60.57%,Sep 2019
Monsti,,,-50%,"R$ 1,74",60.39%,Sep 2016
SWORD ART ONLINE Alicization Lycoris,Week Long Deal,"all-time low: R$ 25,58 at -84%",-81%,"R$ 56,98",60.32%,Jul 2020
Mirror Party,,,-70%,"R$ 2,09",60.15%,Dec 2021
Overcast - Walden and the Werewolf,,,-90%,"R$ 1,74",60.11%,Apr 2014
